"elapsed_s","cpu_s_total","cpu_pct_one_core","cpu_pct_machine","working_set_mb","private_mb","handles","gdi_objects","user_objects","threads"
"1.017","0","0","0","19.359","5.754","245","10","31","4"
"2.021","0","0","0","19.367","5.754","245","10","31","4"
"3.013","0.0156","1.575","0.0984","19.383","5.754","245","12","31","4"
"4.007","0.0156","0","0","19.383","5.754","245","12","31","4"
"5","0.0156","0","0","19.383","5.754","245","12","31","4"
"6.014","0.0156","0","0","19.383","5.754","245","12","31","4"
"7.006","0.0156","0","0","19.383","5.754","245","12","31","4"
"8.017","0.0156","0","0","19.383","5.754","245","12","31","4"
"9.012","0.0156","0","0","19.383","5.754","245","12","31","4"
"10.004","0.0312","1.576","0.0985","19.383","5.754","245","12","31","4"
"11.002","0.0312","0","0","19.383","5.754","245","12","31","4"
"12.01","0.0312","0","0","19.383","5.754","245","12","31","4"
"13.024","0.0312","0","0","19.383","5.754","245","12","31","4"
"14.019","0.0781","4.711","0.2945","19.398","5.754","245","12","31","4"
"15.014","0.0781","0","0","19.398","5.754","245","12","31","4"
"16.005","0.0781","0","0","19.398","5.754","245","12","32","4"
"17.004","0.125","4.691","0.2932","19.402","5.754","245","12","32","4"
"18.005","0.1406","1.561","0.0976","19.41","5.754","245","12","31","4"
"19.002","0.1406","0","0","19.457","5.82","246","12","31","6"
"20.005","0.1562","1.557","0.0973","19.457","5.82","246","12","31","6"
"21.003","0.1562","0","0","19.457","5.82","246","12","32","6"
"22.014","0.1719","1.546","0.0966","19.457","5.82","246","15","32","6"
"23.01","0.1719","0","0","19.457","5.82","246","15","32","6"
"24.019","0.1875","1.549","0.0968","19.465","5.832","246","12","32","6"
"25.013","0.1875","0","0","19.465","5.832","246","12","31","6"
"26.01","0.1875","0","0","19.465","5.832","246","12","31","6"
"27.019","0.7344","54.196","3.3873","65.977","16.418","901","193","159","19"
"28.004","0.9844","25.369","1.5856","65.984","16.418","901","200","160","19"
"29.01","1.0469","6.21","0.3881","63.793","15.211","730","84","52","18"
"30.018","1.0469","0","0","63.793","15.211","730","84","51","18"
"31.01","1.0469","0","0","63.793","15.211","730","84","51","18"
"32.022","1.0469","0","0","63.793","15.211","730","84","51","18"
"33.013","1.0625","1.578","0.0986","63.793","15.211","730","84","51","18"
"34.014","1.0625","0","0","63.793","15.211","730","84","51","18"
"35.014","1.0781","1.563","0.0977","63.793","15.211","730","84","51","18"
"36.003","1.0938","1.581","0.0988","63.797","15.223","730","84","51","18"
"37.003","1.125","3.122","0.1951","63.797","15.223","730","87","52","18"
"38.005","1.1406","1.559","0.0975","63.797","15.223","730","84","51","18"
"39.002","1.1875","4.705","0.2941","63.809","15.223","730","84","51","18"
"40.008","1.2188","3.107","0.1942","63.809","15.223","730","84","51","18"
"41.024","1.2188","0","0","63.809","15.223","730","84","51","18"
"42.021","1.25","3.136","0.196","63.82","15.223","730","84","51","18"
"43.003","1.2656","1.59","0.0994","63.82","15.223","730","84","51","18"
"44.009","1.2656","0","0","63.82","15.223","730","84","51","18"
"45.015","1.2656","0","0","63.82","15.223","730","84","51","18"
"46.015","1.2812","1.562","0.0976","63.82","15.223","730","84","51","18"
"47.003","1.2812","0","0","63.82","15.223","730","84","51","18"
"48.005","1.2812","0","0","63.82","15.223","730","84","51","18"
"49.009","1.2812","0","0","63.465","14.836","730","84","51","18"
"50.012","1.3594","7.791","0.487","63.465","14.836","730","84","51","18"
"51.015","1.3594","0","0","63.465","14.836","730","84","51","18"
"52.005","1.375","1.577","0.0986","63.465","14.836","730","84","51","18"
"53.001","1.375","0","0","63.465","14.836","730","84","51","18"
"54.001","1.5","12.498","0.7811","63.469","14.836","730","85","51","18"
"55.006","1.6406","13.985","0.8741","63.469","14.836","730","84","51","18"
"56.011","1.6719","3.109","0.1943","63.465","14.836","730","84","51","18"
"57.019","1.6875","1.551","0.0969","63.418","14.762","717","84","49","16"
"58.012","1.6875","0","0","63.418","14.762","717","84","49","16"
"59.006","1.6875","0","0","63.418","14.734","717","84","50","16"
"60.015","1.6875","0","0","63.418","14.734","717","84","49","16"
"61.003","1.6875","0","0","63.418","14.734","717","84","49","16"
"62.014","1.6875","0","0","63.418","14.734","717","84","49","16"
"63.007","1.6875","0","0","63.418","14.734","717","84","49","16"
"64.018","1.6875","0","0","63.418","14.734","717","84","49","16"
"65.014","1.6875","0","0","63.418","14.734","717","84","49","16"
"66.007","1.6875","0","0","63.418","14.734","717","84","49","16"
"67.014","1.6875","0","0","63.418","14.734","717","84","49","16"
"68.009","1.6875","0","0","63.418","14.734","717","84","49","16"
"69.017","1.6875","0","0","63.418","14.734","717","84","49","16"
"70.001","1.6875","0","0","63.418","14.734","717","84","49","16"
"71","1.6875","0","0","63.418","14.734","717","84","49","16"
"72.01","1.6875","0","0","63.418","14.734","717","84","49","16"
"73.012","1.6875","0","0","63.418","14.734","717","84","49","16"
"74.023","1.6875","0","0","63.418","14.734","717","84","49","16"
"75.015","1.6875","0","0","63.418","14.734","717","84","49","16"
"76.011","1.6875","0","0","63.418","14.734","717","84","49","16"
"77.021","1.6875","0","0","63.418","14.734","717","84","49","16"
"78.001","1.6875","0","0","63.418","14.734","717","84","49","16"
"79.004","1.6875","0","0","63.371","14.633","711","84","49","13"
"80.014","1.6875","0","0","63.371","14.633","711","84","49","13"
"81.008","1.6875","0","0","63.371","14.633","711","84","49","13"
"82.018","1.6875","0","0","63.371","14.633","711","84","49","13"
"83.007","1.6875","0","0","63.371","14.633","711","84","49","13"
"84.015","1.6875","0","0","63.371","14.633","711","84","49","13"
"85.013","1.6875","0","0","63.371","14.633","711","84","49","13"
"86.024","1.6875","0","0","63.348","14.59","707","84","49","12"
"87.01","1.6875","0","0","63.348","14.59","707","84","49","12"
"88.014","1.6875","0","0","63.348","14.59","707","84","49","12"
"89.005","1.6875","0","0","63.348","14.59","707","84","49","12"
"90.004","1.6875","0","0","63.348","14.59","709","84","49","12"
"91.015","1.6875","0","0","63.348","14.59","709","84","49","12"
"92.007","1.6875","0","0","63.348","14.59","709","84","49","12"
"93.011","1.6875","0","0","63.348","14.59","709","84","49","12"
"94.012","1.6875","0","0","63.348","14.59","709","84","49","12"
"95.013","1.6875","0","0","63.348","14.59","709","84","49","12"
"96.012","1.6875","0","0","63.348","14.59","709","84","49","12"
"97.011","1.6875","0","0","63.348","14.59","709","84","49","12"
"98.024","1.6875","0","0","63.348","14.59","709","84","49","12"
"99.01","1.6875","0","0","63.348","14.59","709","84","49","12"
"100.02","1.6875","0","0","63.348","14.59","709","84","49","12"
"101.005","1.6875","0","0","63.348","14.59","709","84","49","12"
"102.011","1.7188","3.107","0.1942","63.562","14.645","710","84","49","13"
"103.013","1.7188","0","0","63.562","14.645","710","84","49","13"
"104.006","1.7188","0","0","63.562","14.645","710","84","49","13"
"105","1.7188","0","0","63.562","14.645","710","84","49","13"
"106.003","1.7188","0","0","63.562","14.645","710","84","49","13"
"107.006","1.7188","0","0","63.562","14.645","710","84","49","13"
"108.01","1.7188","0","0","63.562","14.645","710","84","49","13"
"109.016","1.7188","0","0","63.562","14.645","710","84","49","13"
"110.01","1.7188","0","0","63.562","14.645","710","84","49","13"
"111.016","1.7344","1.553","0.0971","63.562","14.645","710","84","49","13"
"112.014","1.7344","0","0","63.562","14.645","710","84","49","13"
"113.008","1.7344","0","0","63.562","14.645","710","84","49","13"
"114.017","1.7344","0","0","63.562","14.645","710","84","49","13"
"115.001","1.7344","0","0","63.562","14.645","710","84","49","13"
"116","1.7344","0","0","63.562","14.645","710","84","49","13"
"117.014","1.7344","0","0","63.562","14.645","710","84","49","13"
"118.015","1.7344","0","0","63.562","14.645","710","84","49","13"
"119.014","1.7344","0","0","63.562","14.645","710","84","49","13"
"120.012","1.7344","0","0","63.562","14.645","710","84","49","13"
"121.011","1.7344","0","0","63.562","14.645","710","84","49","13"
"122.017","1.7344","0","0","63.562","14.645","710","84","49","13"
"123.013","1.7344","0","0","63.297","14.266","690","84","44","6"
"124.012","1.7344","0","0","63.297","14.266","690","84","44","6"
"125.024","1.7344","0","0","63.297","14.266","690","84","44","6"
"126.024","1.7344","0","0","63.297","14.266","690","84","44","6"
"127.019","1.75","1.57","0.0981","63.297","14.266","690","84","44","6"
"128.014","1.75","0","0","63.297","14.266","690","84","44","6"
"129.005","1.75","0","0","63.297","14.266","690","84","44","6"
"130.007","1.75","0","0","63.297","14.266","690","84","44","6"
"131","1.75","0","0","63.297","14.266","690","84","44","6"
"132.003","1.7656","1.558","0.0973","63.297","14.266","690","84","44","6"
"133.003","1.7812","1.563","0.0977","63.297","14.266","690","84","44","6"
"134.002","1.7969","1.563","0.0977","63.297","14.266","690","84","44","6"
"135.012","1.7969","0","0","63.297","14.266","690","84","44","6"
"136.013","1.7969","0","0","63.297","14.266","690","84","44","6"
"137.006","1.7969","0","0","63.297","14.266","690","84","44","6"
"138.01","1.7969","0","0","63.297","14.266","690","84","44","6"
"139.013","1.7969","0","0","63.297","14.266","690","84","44","6"
"140.015","1.7969","0","0","63.297","14.266","690","84","44","6"
"141.011","1.7969","0","0","63.297","14.266","690","84","44","6"
"142.016","1.7969","0","0","63.297","14.266","690","84","44","6"
"143.008","1.7969","0","0","63.297","14.266","690","84","44","6"
"144.017","1.7969","0","0","63.297","14.266","690","84","44","6"
"145.01","1.7969","0","0","63.297","14.266","690","84","44","6"
"146.01","1.7969","0","0","63.297","14.266","690","84","44","6"
"147.014","1.7969","0","0","63.297","14.266","690","84","44","6"
"148.001","1.7969","0","0","63.297","14.266","690","84","44","6"
"149.008","1.7969","0","0","63.297","14.266","690","84","44","6"
"150.011","1.7969","0","0","63.297","14.266","690","84","44","6"
"151.017","1.7969","0","0","63.297","14.266","690","84","44","6"
"152.001","1.7969","0","0","63.297","14.266","690","84","44","6"
"153.004","1.7969","0","0","63.297","14.266","690","84","44","6"
"154.008","1.7969","0","0","63.297","14.266","690","84","44","6"
"155.012","1.7969","0","0","63.297","14.266","690","84","44","6"
"156.009","1.7969","0","0","63.297","14.266","690","84","44","6"
"157.016","1.7969","0","0","63.297","14.266","690","84","44","6"
"158.011","1.7969","0","0","63.297","14.266","690","84","44","6"
"159.018","1.7969","0","0","63.297","14.266","690","84","44","6"
"160.009","1.7969","0","0","63.297","14.266","690","84","44","6"
"161.012","1.7969","0","0","63.297","14.266","690","84","44","6"
"162.021","1.8125","1.549","0.0968","63.281","14.234","690","84","44","5"
"163.003","1.8125","0","0","63.281","14.234","690","84","44","5"
"164.013","1.8125","0","0","63.281","14.234","690","84","44","5"
"165.005","1.8125","0","0","63.281","14.234","690","84","44","5"
"166.006","1.8125","0","0","63.281","14.234","690","84","44","5"
"167.021","1.8125","0","0","63.281","14.234","690","84","44","5"
"168.009","1.8125","0","0","63.281","14.234","690","84","44","5"
"169.024","1.8125","0","0","63.281","14.234","690","84","44","5"
"170.011","1.8125","0","0","63.281","14.234","690","84","44","5"
"171.016","1.8125","0","0","63.281","14.234","690","84","44","5"
"172.007","1.8281","1.577","0.0986","63.281","14.234","690","84","44","5"
"173.01","1.8281","0","0","63.281","14.234","690","84","44","5"
"174.011","1.8281","0","0","63.281","14.234","690","84","44","5"
"175.014","1.8281","0","0","63.281","14.234","690","84","44","5"
"176.005","1.8438","1.577","0.0986","63.281","14.234","690","84","44","5"
"177","1.8438","0","0","63.281","14.234","690","84","44","5"
"178.01","1.8438","0","0","63.281","14.234","690","84","44","5"
"179.023","1.8438","0","0","63.281","14.234","690","84","44","5"
"180.012","1.8438","0","0","63.281","14.234","690","84","44","5"
"181.015","1.8438","0","0","63.281","14.234","690","84","44","5"
"182.004","1.8438","0","0","63.281","14.234","690","84","44","5"
"183.003","1.8438","0","0","63.297","14.266","689","84","44","6"
"184.007","1.8438","0","0","63.297","14.266","689","84","44","6"
"185.023","1.8438","0","0","63.297","14.266","689","84","44","6"
"186.025","1.8438","0","0","63.297","14.266","689","84","44","6"
"187.016","1.8438","0","0","63.297","14.266","689","84","44","6"
"188.012","1.8438","0","0","63.297","14.266","689","84","44","6"
"189.012","1.8438","0","0","63.297","14.266","689","84","44","6"
"190.014","1.8438","0","0","63.297","14.266","689","84","44","6"
"191.014","1.8438","0","0","63.297","14.266","689","84","44","6"
"192.01","1.8438","0","0","63.297","14.266","689","84","44","6"
"193.014","1.8438","0","0","63.297","14.266","689","84","44","6"
"194.013","1.8438","0","0","63.297","14.266","689","84","44","6"
"195.01","1.8438","0","0","63.297","14.266","689","84","44","6"
"196.016","1.8438","0","0","63.301","14.266","689","84","44","6"
"197.003","1.8438","0","0","63.301","14.266","689","84","44","6"
"198.006","1.8438","0","0","63.301","14.266","689","84","44","6"
"199.011","1.8438","0","0","63.301","14.266","689","84","44","6"
"200.024","1.8438","0","0","63.301","14.266","689","84","44","6"
"201.014","1.8438","0","0","63.301","14.266","689","84","44","6"
"202.002","1.8438","0","0","63.301","14.266","689","84","44","6"
"203.002","1.8438","0","0","63.301","14.266","689","84","44","6"
"204.013","1.8438","0","0","63.301","14.266","689","84","44","6"
"205.015","1.8438","0","0","63.301","14.266","689","84","44","6"
"206.006","1.8438","0","0","63.301","14.266","689","84","44","6"
"207.012","1.8438","0","0","63.301","14.266","689","84","44","6"
"208.005","1.8594","1.573","0.0983","63.301","14.266","689","84","44","6"
"209","1.8594","0","0","63.301","14.266","689","84","44","6"
"210.01","1.8594","0","0","63.301","14.266","689","84","44","6"
"211.021","1.875","1.544","0.0965","63.301","14.266","689","84","44","6"
"212.013","1.875","0","0","63.301","14.266","689","84","44","6"
"213.004","1.875","0","0","63.301","14.266","689","84","44","6"
"214.011","1.875","0","0","63.301","14.266","689","84","44","6"
"215.017","1.875","0","0","63.301","14.266","689","84","44","6"
"216.013","1.875","0","0","63.301","14.266","689","84","44","6"
"217.009","1.875","0","0","63.301","14.266","689","84","44","6"
"218.023","1.875","0","0","63.301","14.266","689","84","44","6"
"219.016","1.875","0","0","63.301","14.266","689","84","44","6"
"220.004","1.875","0","0","63.301","14.266","689","84","44","6"
"221.002","1.875","0","0","63.301","14.266","689","84","44","6"
"222.012","1.875","0","0","63.301","14.266","689","84","44","6"
"223.008","1.875","0","0","63.301","14.266","689","84","44","6"
"224.012","1.875","0","0","63.301","14.266","689","84","44","6"
"225.005","1.875","0","0","63.301","14.266","689","84","44","6"
"226.013","1.875","0","0","63.301","14.266","689","84","44","6"
"227.007","1.875","0","0","63.301","14.266","689","84","44","6"
"228.017","1.875","0","0","63.301","14.266","689","84","44","6"
"229.004","1.875","0","0","63.301","14.266","689","84","44","6"
"230.014","1.875","0","0","63.301","14.266","689","84","44","6"
"231.005","1.8906","1.577","0.0986","63.301","14.266","689","84","44","6"
"232.01","1.8906","0","0","63.301","14.266","689","84","44","6"
"233.018","1.8906","0","0","63.301","14.266","689","84","44","6"
"234.011","1.9062","1.572","0.0983","63.301","14.266","689","84","46","6"
"235.012","1.9375","3.124","0.1952","63.301","14.266","689","84","44","6"
"236.013","2.0625","12.488","0.7805","63.301","14.266","689","84","44","6"
"237.001","2.4062","34.772","2.1733","63.301","14.266","689","84","44","6"
"238.001","2.4219","1.563","0.0977","63.301","14.266","689","84","44","6"
"239.005","2.4219","0","0","63.301","14.266","689","84","44","6"
"240.011","2.4375","1.553","0.0971","63.301","14.266","689","85","44","6"
"241.013","2.7969","35.883","2.2427","63.301","14.266","689","84","44","6"
"242.013","3.0938","29.673","1.8546","63.301","14.266","689","85","44","6"
"243.015","3.25","15.597","0.9748","63.301","14.266","689","84","44","6"
"244.002","3.25","0","0","63.301","14.266","689","84","44","6"
"245.007","3.25","0","0","63.301","14.266","689","84","44","6"
"246.007","3.25","0","0","63.301","14.266","689","84","44","6"
"247.024","3.25","0","0","63.301","14.266","689","84","44","6"
"248.023","3.25","0","0","63.301","14.266","689","84","44","6"
"249.015","3.25","0","0","63.301","14.266","689","84","44","6"
"250.007","3.25","0","0","63.301","14.266","689","84","44","6"
"251.024","3.25","0","0","63.301","14.266","689","84","44","6"
"252.018","3.25","0","0","63.301","14.266","689","84","44","6"
"253.002","3.25","0","0","63.301","14.266","689","84","44","6"
"254.006","3.25","0","0","63.301","14.266","689","84","44","6"
"255.011","3.25","0","0","63.301","14.266","689","84","44","6"
"256.002","3.25","0","0","63.301","14.266","689","84","44","6"
"257.01","3.25","0","0","63.258","14.203","685","84","43","4"
"258.019","3.25","0","0","63.258","14.203","685","84","43","4"
"259.012","3.25","0","0","63.258","14.203","685","84","43","4"
"260.003","3.25","0","0","63.258","14.203","685","84","43","4"
"261.001","3.25","0","0","63.258","14.203","685","84","43","4"
"262","3.25","0","0","63.258","14.203","685","84","43","4"
"263.012","3.25","0","0","63.258","14.203","685","84","43","4"
"264.008","3.25","0","0","63.258","14.203","685","84","43","4"
"265.023","3.25","0","0","63.258","14.203","685","84","43","4"
"266.014","3.25","0","0","63.258","14.203","685","84","43","4"
"267.011","3.25","0","0","63.258","14.203","685","84","43","4"
"268.011","3.25","0","0","63.258","14.203","685","84","43","4"
"269.017","3.25","0","0","63.258","14.203","685","84","43","4"
"270.01","3.25","0","0","63.258","14.203","685","84","43","4"
"271.023","3.25","0","0","63.258","14.203","685","84","43","4"
"272.021","3.25","0","0","63.258","14.203","685","84","43","4"
"273.012","3.25","0","0","63.258","14.203","685","84","43","4"
"274.013","3.25","0","0","63.258","14.203","685","84","43","4"
"275.005","3.2656","1.575","0.0984","63.258","14.203","685","84","43","4"
"276.011","3.2656","0","0","63.242","14.172","681","84","43","3"
"277.01","3.2656","0","0","63.242","14.172","681","84","43","3"
"278.024","3.2656","0","0","63.242","14.172","681","84","43","3"
"279.016","3.2656","0","0","63.242","14.172","681","84","43","3"
"280.004","3.2656","0","0","63.242","14.172","681","84","43","3"
"281.011","3.2656","0","0","63.242","14.172","681","84","43","3"
"282.018","3.2656","0","0","63.242","14.172","681","84","43","3"
"283.007","3.2656","0","0","63.242","14.172","681","84","43","3"
"284.013","3.2656","0","0","63.242","14.172","681","84","43","3"
"285.007","3.2656","0","0","63.242","14.172","681","84","43","3"
"286.011","3.2656","0","0","63.242","14.172","681","84","43","3"
"287.016","3.2656","0","0","63.242","14.172","681","84","43","3"
"288.01","3.2656","0","0","63.242","14.172","681","84","43","3"
"289.021","3.2656","0","0","63.535","14.238","681","84","43","5"
"290.011","3.2656","0","0","63.539","14.238","681","84","43","5"
"291.017","3.2656","0","0","63.539","14.238","681","84","43","5"
"292.009","3.2656","0","0","63.539","14.238","681","84","43","5"
"293.016","3.2656","0","0","63.539","14.238","681","84","43","5"
"294.001","3.2656","0","0","63.539","14.238","681","84","43","5"
"295.004","3.2656","0","0","63.539","14.238","681","84","43","5"
"296.014","3.2656","0","0","63.539","14.238","681","84","43","5"
"297.009","3.2656","0","0","63.539","14.238","681","84","43","5"
"298.01","3.2656","0","0","63.539","14.238","681","84","43","5"
"299.012","3.2656","0","0","63.539","14.238","681","84","43","5"
"300.013","3.2656","0","0","63.539","14.238","681","84","43","5"
"301.015","3.2656","0","0","63.539","14.238","681","84","43","5"
"302.006","3.2656","0","0","63.539","14.238","681","84","43","5"
"303.024","3.2656","0","0","63.539","14.238","681","84","43","5"
"304.017","3.2656","0","0","63.539","14.238","681","84","43","5"
"305.004","3.2656","0","0","63.539","14.238","681","84","43","5"
"306.009","3.2656","0","0","63.539","14.238","681","84","43","5"
"307.012","3.2656","0","0","63.539","14.238","681","84","43","5"
"308.01","3.2656","0","0","63.539","14.238","681","84","43","5"
"309.014","3.2656","0","0","63.539","14.238","681","84","43","5"
"310.007","3.2656","0","0","63.539","14.238","681","84","43","5"
"311.014","3.2656","0","0","63.539","14.238","681","84","43","5"
"312.007","3.2656","0","0","63.539","14.238","681","84","43","5"
"313.017","3.2656","0","0","63.539","14.238","681","84","43","5"
"314.009","3.2656","0","0","63.539","14.238","681","84","43","5"
"315.02","3.2656","0","0","63.539","14.238","681","84","43","5"
"316.01","3.2656","0","0","63.539","14.238","681","84","43","5"
"317.026","3.2656","0","0","63.539","14.238","681","84","43","5"
"318.01","3.2656","0","0","63.539","14.238","681","84","43","5"
"319.021","3.2656","0","0","63.539","14.238","681","84","43","5"
"320.014","3.2812","1.574","0.0984","63.539","14.238","681","84","43","5"
"321.005","3.2812","0","0","63.539","14.238","681","84","43","5"
"322.001","3.2812","0","0","63.539","14.238","681","84","43","5"
"323.013","3.2812","0","0","63.539","14.238","681","84","43","5"
"324.007","3.2812","0","0","63.539","14.238","681","84","43","5"
"325.021","3.2812","0","0","63.539","14.238","681","84","43","5"
"326.011","3.2969","1.578","0.0987","63.539","14.238","681","84","43","5"
"327.014","3.2969","0","0","63.641","14.273","681","84","43","6"
"328.008","3.2969","0","0","63.641","14.273","681","84","43","6"
"329.024","3.2969","0","0","63.641","14.273","681","84","43","6"
"330.02","3.2969","0","0","63.641","14.273","681","84","43","6"
"331.007","3.2969","0","0","63.641","14.273","681","84","43","6"
"332.02","3.2969","0","0","63.641","14.273","681","84","43","6"
"333","3.2969","0","0","63.641","14.273","681","84","43","6"
"334.01","3.2969","0","0","63.641","14.273","681","84","43","6"
"335.015","3.2969","0","0","63.641","14.273","681","84","43","6"
"336.004","3.2969","0","0","63.641","14.273","681","84","43","6"
"337.011","3.2969","0","0","63.641","14.273","681","84","43","6"
"338.015","3.2969","0","0","63.641","14.273","681","84","43","6"
"339.006","3.2969","0","0","63.641","14.273","681","84","43","6"
"340.006","3.3125","1.562","0.0976","63.641","14.273","681","84","43","6"
"341.025","3.3125","0","0","63.641","14.273","681","84","43","6"
"342.015","3.3125","0","0","63.641","14.273","681","84","43","6"
"343.007","3.3125","0","0","63.641","14.273","681","84","43","6"
"344.017","3.3125","0","0","63.641","14.273","681","84","43","6"
"345.001","3.3281","1.589","0.0993","63.641","14.273","681","84","43","6"
"346.006","3.3281","0","0","63.641","14.273","681","84","43","6"
"347.025","3.3438","1.534","0.0959","63.641","14.273","681","84","43","6"
"348.021","3.3438","0","0","63.641","14.273","681","84","43","6"
"349.008","3.3594","1.582","0.0989","63.641","14.273","681","84","43","6"
"350.014","3.3594","0","0","63.641","14.273","681","84","43","6"
"351.01","3.3594","0","0","63.641","14.273","681","84","43","6"
"352.025","3.3594","0","0","63.641","14.273","681","84","43","6"
"353.025","3.3594","0","0","63.641","14.273","681","84","43","6"
"354.025","3.3594","0","0","63.641","14.273","681","84","43","6"
"355.023","3.3594","0","0","63.641","14.273","681","84","43","6"
"356.023","3.3594","0","0","63.641","14.273","681","84","43","6"
"357.013","3.3594","0","0","63.641","14.273","681","84","43","6"
"358.006","3.3594","0","0","63.641","14.273","681","84","43","6"
"359.012","3.3594","0","0","63.641","14.273","681","84","43","6"
"360.007","3.3594","0","0","63.641","14.273","681","84","43","6"
"361.013","3.3594","0","0","63.641","14.273","681","84","43","6"
"362.005","3.3594","0","0","63.641","14.273","681","84","43","6"
"363.009","3.375","1.556","0.0973","63.641","14.273","681","84","43","6"
"364.019","3.375","0","0","63.641","14.273","681","84","43","6"
"365.016","3.375","0","0","63.641","14.273","681","84","43","6"
"366.01","3.375","0","0","63.641","14.273","681","84","43","6"
"367.018","3.375","0","0","63.641","14.273","681","84","43","6"
"368.007","3.375","0","0","63.641","14.273","681","84","43","6"
"369.017","3.375","0","0","63.641","14.273","681","84","43","6"
"370.015","3.375","0","0","63.641","14.273","681","84","43","6"
"371.011","3.375","0","0","63.641","14.273","681","84","43","6"
"372.02","3.375","0","0","63.641","14.273","681","84","43","6"
"373.004","3.375","0","0","63.641","14.273","681","84","43","6"
"374.014","3.3906","1.547","0.0967","63.641","14.273","681","84","43","6"
"375.013","3.3906","0","0","63.641","14.273","681","84","43","6"
"376.016","3.3906","0","0","63.641","14.273","681","84","43","6"
"377.009","3.3906","0","0","63.641","14.273","681","84","43","6"
"378.022","3.3906","0","0","63.641","14.273","681","84","43","6"
"379.022","3.3906","0","0","63.641","14.273","681","84","43","6"
"380.021","3.3906","0","0","63.641","14.273","681","84","43","6"
"381.001","3.3906","0","0","63.641","14.273","681","84","43","6"
"382.007","3.3906","0","0","63.641","14.273","681","84","43","6"
"383.011","3.3906","0","0","63.641","14.273","681","84","43","6"
"384.022","3.3906","0","0","63.641","14.273","681","84","43","6"
"385.015","3.3906","0","0","63.641","14.273","681","84","43","6"
"386.001","3.3906","0","0","63.641","14.273","681","84","43","6"
"387.008","3.3906","0","0","63.66","14.277","685","84","43","6"
"388.025","3.3906","0","0","63.66","14.277","685","84","43","6"
"389.015","3.3906","0","0","63.66","14.277","685","84","43","6"
"390.002","3.3906","0","0","63.66","14.277","685","84","43","6"
"391.007","3.3906","0","0","63.66","14.277","685","84","43","6"
"392.023","3.3906","0","0","63.66","14.277","685","84","43","6"
"393.015","3.3906","0","0","63.66","14.277","685","84","43","6"
"394.008","3.3906","0","0","63.66","14.277","685","84","43","6"
"395.023","3.3906","0","0","63.66","14.277","685","84","43","6"
"396.006","3.3906","0","0","63.66","14.277","685","84","43","6"
"397.013","3.3906","0","0","63.66","14.277","685","84","43","6"
"398.011","3.3906","0","0","63.66","14.277","685","84","43","6"
"399.014","3.3906","0","0","63.66","14.277","685","84","43","6"
"400","3.3906","0","0","63.66","14.277","685","84","43","6"
"401.012","3.3906","0","0","63.66","14.277","685","84","43","6"
"402.008","3.3906","0","0","63.66","14.277","685","84","43","6"
"403.01","3.3906","0","0","63.66","14.277","685","84","43","6"
"404.012","3.3906","0","0","63.66","14.277","685","84","43","6"
"405.003","3.3906","0","0","63.66","14.277","685","84","43","6"
"406.002","3.3906","0","0","63.66","14.277","685","84","43","6"
"407.004","3.3906","0","0","63.66","14.277","685","84","43","6"
"408.007","3.3906","0","0","63.66","14.277","685","84","43","6"
"409.022","3.3906","0","0","63.66","14.277","685","84","43","6"
"410.011","3.3906","0","0","63.66","14.277","685","84","43","6"
"411.018","3.3906","0","0","63.66","14.277","685","84","43","6"
"412.008","3.3906","0","0","63.66","14.277","685","84","43","6"
"413.024","3.3906","0","0","63.66","14.277","685","84","43","6"
"414.011","3.3906","0","0","63.66","14.277","685","84","43","6"
"415.017","3.3906","0","0","63.66","14.277","685","84","43","6"
"416.002","3.3906","0","0","63.66","14.277","685","84","43","6"
"417.009","3.3906","0","0","63.66","14.277","685","84","43","6"
"418.017","3.3906","0","0","63.66","14.277","685","84","43","6"
"419.008","3.3906","0","0","63.66","14.277","685","84","43","6"
"420.021","3.3906","0","0","63.66","14.277","685","84","43","6"
"421.015","3.3906","0","0","63.66","14.277","685","84","43","6"
"421.999","3.3906","0","0","63.66","14.277","685","84","43","6"
"422.999","3.3906","0","0","63.66","14.277","685","84","43","6"
"424","3.3906","0","0","63.66","14.277","685","84","43","6"
"425.01","3.3906","0","0","63.66","14.277","685","84","43","6"
"426.012","3.3906","0","0","63.66","14.277","685","84","43","6"
"427.009","3.3906","0","0","63.66","14.277","685","84","43","6"
"428.022","3.3906","0","0","63.66","14.277","685","84","43","6"
"429.018","3.3906","0","0","63.66","14.277","685","84","43","6"
"430.004","3.3906","0","0","63.66","14.277","685","84","43","6"
"431.015","3.3906","0","0","63.66","14.277","685","84","43","6"
"432.009","3.3906","0","0","63.66","14.277","685","84","43","6"
"433.021","3.3906","0","0","63.66","14.277","685","84","43","6"
"434.012","3.4062","1.577","0.0985","63.66","14.277","685","84","43","6"
"435.004","3.4062","0","0","63.66","14.277","685","84","43","6"
"436.003","3.4219","1.565","0.0978","63.66","14.277","685","84","43","6"
"437.009","3.4219","0","0","63.66","14.277","685","84","43","6"
"438.019","3.4219","0","0","63.66","14.277","685","84","43","6"
"439.007","3.4219","0","0","63.66","14.277","685","84","43","6"
"440.014","3.4219","0","0","63.66","14.277","685","84","43","6"
"441.009","3.4219","0","0","63.66","14.277","685","84","43","6"
"442.011","3.4219","0","0","63.66","14.277","685","84","43","6"
"443.018","3.4219","0","0","63.66","14.277","685","84","43","6"
"444.011","3.4219","0","0","63.66","14.277","685","84","43","6"
"445.015","3.4219","0","0","63.66","14.277","685","84","43","6"
"446.003","3.4219","0","0","63.66","14.277","685","84","43","6"
"447.005","3.4219","0","0","63.66","14.277","685","84","43","6"
"448.008","3.4219","0","0","63.66","14.277","685","84","43","6"
"449.024","3.4219","0","0","63.66","14.277","685","84","43","6"
"450.011","3.4219","0","0","63.66","14.277","685","84","43","6"
"451.023","3.4375","1.545","0.0966","63.66","14.277","685","84","43","6"
"452.012","3.4531","1.58","0.0987","63.66","14.277","685","84","43","6"
"453.009","3.4531","0","0","63.66","14.277","685","84","43","6"
"454.024","3.4531","0","0","63.66","14.277","685","84","43","6"
"455.013","3.4531","0","0","63.66","14.277","685","84","43","6"
"456.008","3.4531","0","0","63.66","14.277","685","84","43","6"
"457.021","3.4531","0","0","63.66","14.277","685","84","43","6"
"458.005","3.4531","0","0","63.621","14.207","683","84","43","4"
"459.006","3.4531","0","0","63.621","14.207","683","84","43","4"
"460.024","3.4531","0","0","63.621","14.207","683","84","43","4"
"461.013","3.4531","0","0","63.621","14.207","683","84","43","4"
"462.004","3.4531","0","0","63.621","14.207","683","84","43","4"
"463.009","3.4531","0","0","63.621","14.207","683","84","43","4"
"464.024","3.4531","0","0","63.621","14.207","683","84","43","4"
"465.016","3.4531","0","0","63.621","14.207","683","84","43","4"
"466.005","3.4531","0","0","63.621","14.207","683","84","43","4"
"467.025","3.4688","1.532","0.0958","63.621","14.207","683","84","43","4"
"468.019","3.4688","0","0","63.621","14.207","683","84","43","4"
"469.011","3.4688","0","0","63.621","14.207","683","84","43","4"
"470.015","3.4688","0","0","63.621","14.207","683","84","43","4"
"471.013","3.4688","0","0","63.621","14.207","683","84","43","4"
"472.013","3.4688","0","0","63.621","14.207","683","84","43","4"
"473.009","3.4688","0","0","63.621","14.207","683","84","43","4"
"474.015","3.4688","0","0","63.621","14.207","683","84","43","4"
"475.007","3.4688","0","0","63.621","14.207","683","84","43","4"
"476.02","3.4844","1.542","0.0964","63.621","14.207","683","84","43","4"
"477.01","3.4844","0","0","63.621","14.207","683","84","43","4"
"478.018","3.4844","0","0","63.621","14.207","683","84","43","4"
"479.01","3.4844","0","0","63.621","14.207","683","84","43","4"
"480.014","3.4844","0","0","63.621","14.207","683","84","43","4"
"481.013","3.4844","0","0","63.621","14.207","683","84","43","4"
"482.004","3.4844","0","0","63.621","14.207","683","84","43","4"
"483.014","3.4844","0","0","63.621","14.207","683","84","43","4"
"484.009","3.4844","0","0","63.621","14.207","683","84","43","4"
"485.022","3.4844","0","0","63.621","14.207","683","84","43","4"
"486.016","3.4844","0","0","63.637","14.238","685","84","44","5"
"487.005","3.4844","0","0","63.637","14.238","685","84","44","5"
"488.012","3.5","1.552","0.097","63.637","14.238","685","84","44","5"
"489.023","3.5","0","0","63.637","14.238","685","84","44","5"
"490.015","3.5","0","0","63.637","14.238","685","84","44","5"
"491.003","3.5","0","0","63.637","14.238","685","84","44","5"
"492.004","3.5","0","0","63.637","14.238","685","84","44","5"
"493.009","3.5","0","0","63.637","14.238","685","84","44","5"
"494.011","3.5","0","0","63.637","14.238","685","84","44","5"
"495.014","3.5","0","0","63.637","14.238","685","84","44","5"
"496.001","3.5","0","0","63.637","14.238","685","84","44","5"
"497.004","3.5","0","0","63.637","14.238","685","84","44","5"
"498.007","3.5","0","0","63.637","14.238","685","84","44","5"
"499.022","3.5","0","0","63.637","14.238","685","84","44","5"
"500.025","3.5","0","0","63.637","14.238","685","84","44","5"
"501.016","3.5","0","0","63.637","14.238","685","84","44","5"
"502.006","3.5","0","0","63.637","14.238","685","84","44","5"
"503.017","3.5","0","0","63.637","14.238","685","84","44","5"
"504.014","3.5","0","0","63.637","14.238","685","84","44","5"
"505.006","3.5","0","0","63.637","14.238","685","84","44","5"
"506.009","3.5","0","0","63.637","14.238","685","84","44","5"
"507.019","3.5","0","0","63.637","14.238","685","84","44","5"
"508.007","3.5","0","0","63.637","14.238","685","84","44","5"
"509.011","3.5","0","0","63.637","14.238","685","84","44","5"
"510.015","3.5","0","0","63.637","14.238","685","84","44","5"
"511.013","3.5","0","0","63.637","14.238","685","84","44","5"
"512.005","3.5","0","0","63.637","14.238","685","84","44","5"
"513.008","3.5","0","0","63.637","14.238","685","84","44","5"
"514.02","3.5156","1.545","0.0966","63.637","14.238","685","84","44","5"
"515.003","3.5156","0","0","63.637","14.238","685","84","44","5"
"516.012","3.5156","0","0","63.637","14.238","685","84","44","5"
"517.014","3.5156","0","0","63.637","14.238","685","84","44","5"
"518.003","3.5156","0","0","63.637","14.238","685","84","44","5"
"519.01","3.5156","0","0","63.637","14.238","685","84","44","5"
"520.013","3.5156","0","0","63.637","14.238","685","84","44","5"
"521.005","3.5156","0","0","63.637","14.238","685","84","44","5"
"522.011","3.5156","0","0","63.637","14.238","685","84","44","5"
"523.022","3.5156","0","0","63.637","14.238","685","84","44","5"
"524.018","3.5156","0","0","63.637","14.238","685","84","44","5"
"525.014","3.5156","0","0","63.637","14.238","685","84","44","5"
"526.005","3.5156","0","0","63.637","14.238","685","84","44","5"
"527","3.5156","0","0","63.637","14.238","685","84","44","5"
"528.007","3.5156","0","0","63.637","14.238","685","84","44","5"
"529.021","3.5312","1.541","0.0963","63.637","14.238","685","84","44","5"
"530.001","3.5312","0","0","63.637","14.238","685","84","44","5"
"531.006","3.5312","0","0","63.637","14.238","685","84","44","5"
"532.002","3.5469","1.568","0.098","63.637","14.238","685","84","44","5"
"533.003","3.5469","0","0","63.637","14.238","685","84","44","5"
"534.012","3.5469","0","0","63.637","14.238","685","84","44","5"
"535.007","3.5469","0","0","63.637","14.238","685","84","44","5"
"536.02","3.5469","0","0","63.637","14.238","685","84","44","5"
"537.012","3.5469","0","0","63.637","14.238","685","84","44","5"
"538.005","3.5469","0","0","63.637","14.238","685","84","44","5"
"539.012","3.5469","0","0","63.637","14.238","685","84","44","5"
"540.008","3.5469","0","0","63.637","14.238","685","84","44","5"
"541.01","3.5469","0","0","63.637","14.238","685","84","44","5"
"542.02","3.5469","0","0","63.637","14.238","685","84","44","5"
"543.014","3.5469","0","0","63.637","14.238","685","84","44","5"
"544.009","3.5469","0","0","63.637","14.238","685","84","44","5"
"545.017","3.5469","0","0","63.637","14.238","685","84","44","5"
"546.003","3.5469","0","0","63.637","14.238","685","84","44","5"
"547.008","3.5469","0","0","63.637","14.238","685","84","44","5"
"548.015","3.5469","0","0","63.637","14.238","685","84","44","5"
"549.004","3.5469","0","0","63.637","14.238","685","84","44","5"
"550.007","3.5469","0","0","63.637","14.238","685","84","44","5"
"551.01","3.5625","1.557","0.0973","63.637","14.238","685","84","44","5"
"552.024","3.5625","0","0","63.637","14.238","685","84","44","5"
"553.013","3.5625","0","0","63.637","14.238","685","84","44","5"
"554.005","3.5625","0","0","63.637","14.238","685","84","44","5"
"555.013","3.5781","1.55","0.0969","63.637","14.238","685","84","44","5"
"556.002","3.5781","0","0","63.637","14.238","685","84","44","5"
"557.015","3.5781","0","0","63.637","14.238","685","84","44","5"
"558.01","3.5781","0","0","63.637","14.238","685","84","44","5"
"559.011","3.5938","1.561","0.0976","63.637","14.238","685","84","44","5"
"560.018","3.5938","0","0","63.637","14.238","685","84","44","5"
"561.004","3.6094","1.585","0.099","63.637","14.238","685","84","44","5"
"562.004","3.6094","0","0","63.637","14.238","685","84","44","5"
"563.007","3.6094","0","0","63.637","14.238","685","84","44","5"
"564.011","3.6094","0","0","63.637","14.238","685","84","44","5"
"565.019","3.6094","0","0","63.637","14.238","685","84","44","5"
"566.008","3.6094","0","0","63.637","14.238","685","84","44","5"
"567.024","3.6094","0","0","63.637","14.238","685","84","44","5"
"568.011","3.6094","0","0","63.637","14.238","685","84","44","5"
"569.02","3.6094","0","0","63.637","14.238","685","84","44","5"
"570.015","3.6094","0","0","63.637","14.238","685","84","44","5"
"571.005","3.6094","0","0","63.637","14.238","685","84","44","5"
"572.014","3.6094","0","0","63.637","14.238","685","84","44","5"
"573.006","3.6094","0","0","63.637","14.238","685","84","44","5"
"574.014","3.6094","0","0","63.637","14.238","685","84","44","5"
"575.011","3.6094","0","0","63.637","14.238","685","84","44","5"
"576.01","3.6094","0","0","63.637","14.238","685","84","44","5"
"577.018","3.6094","0","0","63.637","14.238","685","84","44","5"
"578.01","3.6094","0","0","63.637","14.238","685","84","44","5"
"579.011","3.6094","0","0","63.637","14.238","685","84","44","5"
"580.005","3.6094","0","0","63.637","14.238","685","84","44","5"
"581.014","3.6094","0","0","63.637","14.238","685","84","44","5"
"582.011","3.6094","0","0","63.637","14.238","685","84","44","5"
"583.02","3.6094","0","0","63.637","14.238","685","84","44","5"
"584.001","3.625","1.593","0.0996","63.637","14.238","685","84","44","5"
"585.009","3.625","0","0","63.637","14.238","685","84","44","5"
"586.018","3.625","0","0","63.637","14.238","685","84","44","5"
"587.012","3.625","0","0","63.637","14.238","685","84","44","5"
"588.01","3.625","0","0","63.637","14.238","685","84","44","5"
"589.016","3.625","0","0","63.734","14.371","685","84","44","8"
"590.013","3.625","0","0","63.734","14.371","685","84","44","8"
"591.004","3.625","0","0","63.734","14.371","685","84","44","8"
"592.013","3.625","0","0","63.734","14.371","685","84","44","8"
"593.007","3.625","0","0","63.734","14.371","685","84","44","8"
"594.014","3.625","0","0","63.734","14.371","685","84","44","8"
"595.012","3.625","0","0","63.734","14.371","685","84","44","8"
"596.003","3.625","0","0","63.734","14.371","685","84","44","8"
"597.009","3.625","0","0","63.734","14.371","685","84","44","8"
"598.012","3.625","0","0","63.734","14.371","685","84","44","8"
"599.012","3.625","0","0","63.734","14.371","685","84","44","8"
"600.002","3.625","0","0","63.734","14.371","685","84","44","8"
